,row_index,chunk_index,roll_number,chunk
0,0,0,1,Amit demonstrates strong logical thinking and
1,0,1,1,and consistently performs well in coding
2,0,2,1,"challenges, making him a standout in Computer"
3,0,3,1,Science.
4,1,0,2,"Priya is very detail-oriented, shows creativity in"
5,1,1,2,"in circuit design projects, and often takes the"
6,1,2,2,the lead in group activities within Electronics.
7,2,0,3,Rahul has a practical approach to solving
8,2,1,3,"mechanical problems, excels in CAD design, and"
9,2,2,3,and contributes valuable insights during
10,2,3,3,discussions.
11,3,0,4,"Sneha has strong analytical skills, performs"
12,3,1,4,"exceptionally in structural engineering labs, and"
13,3,2,4,and often mentors her peers in Civil Engineering.
14,4,0,5,"Vikram is highly motivated in power systems,"
15,4,1,5,"actively participates in workshops, and shows"
16,4,2,5,great promise in Electrical Engineering projects.
17,5,0,6,Neha consistently demonstrates innovation in IT
18,5,1,6,"IT assignments, has excellent teamwork skills,"
19,5,2,6,and contributes to research in data analytics.
20,6,0,7,"Rohit is passionate about coding, actively"
21,6,1,7,"contributes to hackathons, and regularly helps"
22,6,2,7,peers understand complex Computer Science
23,6,3,7,concepts.
24,7,0,8,"Anjali has a flair for innovation in Electronics,"
25,7,1,8,"is proactive in lab experiments, and her"
26,7,2,8,her problem-solving ability is commendable.
27,8,0,9,"Suresh is diligent in Mechanical workshops, has"
28,8,1,9,"has strong hands-on skills, and consistently"
29,8,2,9,shows perseverance in his project work.
30,9,0,10,Kavita demonstrates leadership in Civil group
31,9,1,10,"projects, excels in design thinking, and is"
32,9,2,10,is highly reliable in collaborative environments.
33,10,0,11,"Arjun is technically sound in Electrical circuits,"
34,10,1,11,"demonstrates leadership in labs, and has a"
35,10,2,11,a passion for renewable energy solutions.
36,11,0,12,"Meena is a quick learner in IT, explores new"
37,11,1,12,"new technologies independently, and actively"
38,11,2,12,participates in AI and ML-related initiatives.
39,12,0,13,"Deepak shows strong programming skills, frequently"
40,12,1,13,"participates in coding competitions, and is"
41,12,2,13,is always eager to learn advanced topics.
42,13,0,14,"Pooja excels in Electronics, demonstrates"
43,13,1,14,"curiosity in robotics projects, and contributes"
44,13,2,14,innovative ideas during group brainstorming
45,13,3,14,sessions.
46,14,0,15,Manish demonstrates persistence in Mechanical
47,14,1,15,"design, excels in thermodynamics, and shows"
48,14,2,15,excellent communication during project
49,14,3,15,presentations.
